Workbook

Sheet Calculator
A1: DFWC Wound Healing Prediction Calculator
A2: Estimates the probability that a diabetic foot ulcer will heal.
A3: Johns Hopkins Diabetic Foot & Wound Center | 7-feature logistic regression, Platt-recalibrated | model locked 14 Jul 2026 | IRB IR00076176
A5: STEP 1 Enter this patient's values in the yellow cells
A6: Input | B6: Your value | C6: Allowed range | D6: What to enter
A7: Wound number for this patient | C7: 1 to 25 | D7: Is this the patient's 1st wound, 2nd, 3rd...? Whole number, 1 or more.
A8: Total wounds this patient has | C8: 1 to 25 | D8: Total wounds recorded for this patient. Must be at least the wound number above.
A9: WIfI wound score (W) | C9: 0 to 3 | D9: SVS WIfI wound grade: 0 = none, 1 = mild, 2 = moderate, 3 = severe.
A10: Toe location | C10: 0 to 1 | D10: 1 = the wound is on a toe, 0 = any other location.
A11: Wound depth (cm) | C11: 0 to 10 (decimals ok) | D11: Depth in centimetres. Decimals are fine. 99% of cohort wounds were 3 cm or less.
A12: University of Texas stage | C12: 0 to 4 | D12: University of Texas wound classification stage, 0 to 4.
A13: Aspirin | C13: 0 to 1 | D13: 1 = the patient is on aspirin, 0 = not.
A14: =IF(COUNT(B7:B13)<7,"Enter all seven values above to see a prediction.",IF(TRIM(IF(B7>B8,"CHECK: wound number ("&B7&") is larger than this patient's total wounds ("&B8&"). ","")&IF(B11>3,"NOTE: a depth of "&B11&" cm is beyond 99% of the cohort. ","")&IF(OR(B7>13,B8>21),"NOTE: wound counts this high are rare in the cohort. ",""))="","All seven values entered and within range.",TRIM(IF(B7>B8,"CHECK: wound number ("&B7&") is larger than this patient's total wounds ("&B8&"). ","")&IF(B11>3,"NOTE: a depth of "&B11&" cm is beyond 99% of the cohort. ","")&IF(OR(B7>13,B8>21),"NOTE: wound counts this high are rare in the cohort. ",""))&" Treat the estimate with caution."))
A16: STEP 2 Result
A17: Probability this wound heals | B17: =IF(COUNT(B7:B13)=7,1/(1+EXP(-(Model!$C$14+Model!$C$15*(Model!$C$5*B7+Model!$C$6*B8+Model!$C$7*B9+Model!$C$8*B10+Model!$C$9*B11+Model!$C$10*B12+Model!$C$11*B13+Model!$C$12)))),"")
A18: Classification (cut-point 71%) | B18: =IF(COUNT(B7:B13)=7,IF(B17>=Model!$C$17,"HEALED","NOT HEALED"),"")
A19: =IF(COUNT(B7:B13)=7,"Predicted healing probability "&TEXT(B17,"0%")&". The "&TEXT(Model!$C$17,"0%")&" cut-point is the Youden-optimal operating point from the held-out test set, not a 50/50 line, so a wound between 50% and "&TEXT(Model!$C$17,"0%")&" still classifies as NOT HEALED. Test AUC 0.68: use this alongside clinical judgement, not instead of it.","")
A21: How the number is computed
A22: Raw log-odds | B22: =IF(COUNT(B7:B13)=7,(Model!$C$5*B7+Model!$C$6*B8+Model!$C$7*B9+Model!$C$8*B10+Model!$C$9*B11+Model!$C$10*B12+Model!$C$11*B13+Model!$C$12),"") | D22: Intercept + the sum of each value times its coefficient
A23: Recalibrated log-odds | B23: =IF(COUNT(B7:B13)=7,Model!$C$14+Model!$C$15*B22,"") | D23: Platt recalibration: b0 + b1 x raw log-odds
A24: Probability | B24: =IF(COUNT(B7:B13)=7,1/(1+EXP(-B23)),"") | D24: 1 / (1 + EXP(-recalibrated log-odds))
A25: Worked example: wound 3 of 4 for this patient, W score 2, on a toe, 0.1 cm deep, UT stage 4, not on aspirin -> 60.0% (classified NOT HEALED).
A26: Research tool. Developed and internally validated on 1,255 diabetic foot ulcers from 422 patients at a single centre, 2012-2025. Not externally validated and not a substitute for clinical judgement. Coefficients and performance figures are on the Model sheet; the Validation sheet re-checks the arithmetic against ten held-out wounds.

Sheet Model
A1: Locked model constants and performance
A2: Do not edit. The Calculator sheet reads column C directly.
A4: Feature | B4: Variable | C4: Coefficient (per unit) | D4: Odds ratio (95% CI) | E4: p-value
A5: Wound number for this patient | B5: Wound_Number | C5: -0.56585715 | D5: 0.57 (0.49-0.66) | E5: <0.001
A6: Total wounds this patient has | B6: Total_Wounds_Patient | C6: 0.50532594 | D6: 1.66 (1.44-1.91) | E6: <0.001
A7: WIfI wound score (W) | B7: W_Score | C7: -0.5423333 | D7: 0.58 (0.43-0.78) | E7: 0.0004
A8: Toe location | B8: Loc_Toe | C8: 0.68549949 | D8: 1.98 (1.28-3.08) | E8: 0.0022
A9: Wound depth (cm) | B9: Wound_Depth | C9: 0.52375574 | D9: 1.69 (1.26-2.27) | E9: 0.0005
A10: University of Texas stage | B10: UT_Stage | C10: -0.31504513 | D10: 0.73 (0.58-0.92) | E10: 0.0083
A11: Aspirin | B11: Aspirin | C11: 0.41096705 | D11: 1.51 (1.05-2.17) | E11: 0.0273
A12: Model intercept | B12: (intercept) | C12: 1.6048728
A14: Platt recalibration intercept (b0) | C14: 0.1162063
A15: Platt recalibration slope (b1) | C15: 0.89969183
A17: Classification threshold (Youden) | C17: 0.71 | D17: Youden-optimal on the held-out set (0.710948)
A19: Held-out test-set performance (n = 351 wounds)
A20: Test AUC | B20: 0.684 (95% CI 0.61-0.76)
A21: Cross-validated AUC (5-fold, patient-clustered) | B21: 0.75 (SD 0.05)
A22: Delta AUC vs. WIfI stage alone | B22: 0.121 (95% CI 0.030-0.207), p=0.004
A23: Sensitivity | B23: 0.813
A24: Specificity | B24: 0.507
A25: Positive predictive value | B25: 0.875
A26: Negative predictive value | B26: 0.391
A27: F1 | B27: 0.843
A28: Brier score | B28: 0.144
A29: Calibration slope | B29: 0.722 (1.0 is ideal)
A30: Hosmer-Lemeshow p | B30: 0.099 (non-significant, so calibration is adequate)
A31: Confusion matrix at threshold | B31: TP 231, TN 34, FP 33, FN 53
A33: Notes
A34: - Odds ratios are on the native scale: per 1 unit for counts, scores and depth (cm), and presence vs. absence for toe location and aspirin.
A35: - All seven predictors were significant at p<0.05 in the unpenalized logistic regression.
A36: - Selection: 66 candidate features, LASSO bootstrap stability (200 patient-level resamples), top 12 by inclusion frequency, then unpenalized logistic regression keeping p<0.05.
A37: - Probabilities are Platt-recalibrated using out-of-fold predictions from the training set only, so no test-set information leaks into the calibration.
A38: - Wound number and total wounds are strongly correlated and pull in opposite directions. Enter both as recorded; interpreting either coefficient on its own is misleading.
A39: - Source: DFWC_HP_finalModel_7f.mat, locked 14 Jul 2026. Coefficients carried at 12 decimal places; this sheet reproduces MATLAB to within 5e-16 on all 351 held-out wounds.

Sheet Validation
A1: Self-check: ten held-out wounds recomputed by this workbook
A2: Column J recomputes the probability using the same coefficients the Calculator sheet uses. Column K compares it with the value MATLAB produced for the same wound.
A4: # | B4: Wound no. | C4: Total wounds | D4: W | E4: Toe | F4: Depth | G4: UT | H4: Aspirin | I4: MATLAB probability | J4: This workbook | K4: Check
A5: 1 | B5: 8 | C5: 8 | D5: 3 | E5: 0 | F5: 0.1 | G5: 3 | H5: 0 | I5: 0.24184598 | J5: =1/(1+EXP(-(Model!$C$14+Model!$C$15*(Model!$C$5*B5+Model!$C$6*C5+Model!$C$7*D5+Model!$C$8*E5+Model!$C$9*F5+Model!$C$10*G5+Model!$C$11*H5+Model!$C$12)))) | K5: =IF(ABS(J5-I5)<0.0000005,"PASS","FAIL")
A6: 2 | B6: 3 | C6: 4 | D6: 2 | E6: 1 | F6: 0.1 | G6: 4 | H6: 0 | I6: 0.60002683 | J6: =1/(1+EXP(-(Model!$C$14+Model!$C$15*(Model!$C$5*B6+Model!$C$6*C6+Model!$C$7*D6+Model!$C$8*E6+Model!$C$9*F6+Model!$C$10*G6+Model!$C$11*H6+Model!$C$12)))) | K6: =IF(ABS(J6-I6)<0.0000005,"PASS","FAIL")
A7: 3 | B7: 1 | C7: 3 | D7: 2 | E7: 0 | F7: 0.5 | G7: 3 | H7: 0 | I7: 0.69515389 | J7: =1/(1+EXP(-(Model!$C$14+Model!$C$15*(Model!$C$5*B7+Model!$C$6*C7+Model!$C$7*D7+Model!$C$8*E7+Model!$C$9*F7+Model!$C$10*G7+Model!$C$11*H7+Model!$C$12)))) | K7: =IF(ABS(J7-I7)<0.0000005,"PASS","FAIL")
A8: 4 | B8: 1 | C8: 1 | D8: 2 | E8: 1 | F8: 1 | G8: 3 | H8: 1 | I8: 0.75715457 | J8: =1/(1+EXP(-(Model!$C$14+Model!$C$15*(Model!$C$5*B8+Model!$C$6*C8+Model!$C$7*D8+Model!$C$8*E8+Model!$C$9*F8+Model!$C$10*G8+Model!$C$11*H8+Model!$C$12)))) | K8: =IF(ABS(J8-I8)<0.0000005,"PASS","FAIL")
A9: 5 | B9: 2 | C9: 2 | D9: 1 | E9: 1 | F9: 0.2 | G9: 1 | H9: 0 | I9: 0.80071738 | J9: =1/(1+EXP(-(Model!$C$14+Model!$C$15*(Model!$C$5*B9+Model!$C$6*C9+Model!$C$7*D9+Model!$C$8*E9+Model!$C$9*F9+Model!$C$10*G9+Model!$C$11*H9+Model!$C$12)))) | K9: =IF(ABS(J9-I9)<0.0000005,"PASS","FAIL")
A10: 6 | B10: 3 | C10: 3 | D10: 1 | E10: 1 | F10: 0.1 | G10: 1 | H10: 1 | I10: 0.84009652 | J10: =1/(1+EXP(-(Model!$C$14+Model!$C$15*(Model!$C$5*B10+Model!$C$6*C10+Model!$C$7*D10+Model!$C$8*E10+Model!$C$9*F10+Model!$C$10*G10+Model!$C$11*H10+Model!$C$12)))) | K10: =IF(ABS(J10-I10)<0.0000005,"PASS","FAIL")
A11: 7 | B11: 4 | C11: 6 | D11: 1 | E11: 0 | F11: 0.1 | G11: 1 | H11: 1 | I11: 0.86955433 | J11: =1/(1+EXP(-(Model!$C$14+Model!$C$15*(Model!$C$5*B11+Model!$C$6*C11+Model!$C$7*D11+Model!$C$8*E11+Model!$C$9*F11+Model!$C$10*G11+Model!$C$11*H11+Model!$C$12)))) | K11: =IF(ABS(J11-I11)<0.0000005,"PASS","FAIL")
A12: 8 | B12: 1 | C12: 3 | D12: 1 | E12: 1 | F12: 0.5 | G12: 2 | H12: 0 | I12: 0.90136115 | J12: =1/(1+EXP(-(Model!$C$14+Model!$C$15*(Model!$C$5*B12+Model!$C$6*C12+Model!$C$7*D12+Model!$C$8*E12+Model!$C$9*F12+Model!$C$10*G12+Model!$C$11*H12+Model!$C$12)))) | K12: =IF(ABS(J12-I12)<0.0000005,"PASS","FAIL")
A13: 9 | B13: 1 | C13: 5 | D13: 1 | E13: 1 | F13: 1 | G13: 3 | H13: 0 | I13: 0.95580245 | J13: =1/(1+EXP(-(Model!$C$14+Model!$C$15*(Model!$C$5*B13+Model!$C$6*C13+Model!$C$7*D13+Model!$C$8*E13+Model!$C$9*F13+Model!$C$10*G13+Model!$C$11*H13+Model!$C$12)))) | K13: =IF(ABS(J13-I13)<0.0000005,"PASS","FAIL")
A14: 10 | B14: 1 | C14: 21 | D14: 1 | E14: 1 | F14: 0 | G14: 1 | H14: 0 | I14: 0.99997087 | J14: =1/(1+EXP(-(Model!$C$14+Model!$C$15*(Model!$C$5*B14+Model!$C$6*C14+Model!$C$7*D14+Model!$C$8*E14+Model!$C$9*F14+Model!$C$10*G14+Model!$C$11*H14+Model!$C$12)))) | K14: =IF(ABS(J14-I14)<0.0000005,"PASS","FAIL")
H16: Overall | K16: =IF(COUNTIF(K5:K14,"PASS")=10,"ALL PASS","SOME FAIL")
A18: These ten wounds were drawn from the 351-wound held-out test set at evenly spaced points across the predicted-risk range. The MATLAB column comes from DFWC_HP_verifyCalculator.m, which confirmed agreement to within 5e-16 across all 351 wounds.
